{
  "users": {
    "usernameGoesHere": ["admin"], 
    "test": ["chat_only"]
  }, 
  "groups": {
    "admin": {
      "streams": {
        "ALLOW_ALL": true
      }, 
      "methods": {
        "ALLOW_ALL": true
      }
    }, 
    "chat_only": {
      "permissions": {
        "view_online_players": true, 
        "view_map": true, 
        "view_chat": true
      }
    }
  }, 
  "permissions": {
    "view_online_player_information": {
      "methods": [
        "getPlayer"
      ]
    }, 
    "view_map": {
      "methods": [
        "dynmap.getHost", 
        "dynmap.getPort"
      ]
    }, 
    "view_banned_players": {
      "methods": [
        "getBannedPlayers"
      ]
    }, 
    "modify_online_player_inventory": {
      "methods": [
        "disablePlugin"
      ]
    }, 
    "view_online_player_world_info": {
      "methods": [
        "disablePlugin"
      ]
    }, 
    "view_severe_log_history": {
      "methods": [
        "adminium.getSeveres"
      ]
    }, 
    "edit_or_add_file": {
      "methods": [
        "setFileBinaryBase64", 
        "setFileContents", 
        "appendToFile"
      ]
    }, 
    "view_push_notification_settings": {
      "methods": [
        "adminium.listPushTypes"
      ]
    }, 
    "disable_plugins": {
      "methods": [
        "disablePlugin"
      ]
    }, 
    "power_management": {
      "methods": [
        "remotetoolkit.rescheduleServerRestart", 
        "remotetoolkit.restartServer", 
        "remotetoolkit.startServer", 
        "remotetoolkit.stopServer"
      ]
    }, 
    "view_whitelisted_players": {
      "methods": [
        "getWhitelistedPlayers"
      ]
    }, 
    "view_calladmin_history": {
      "methods": [
        "adminium.getCallAdmins"
      ]
    }, 
    "recieve_push_notifications": {
      "methods": [
        "adminium.registerDevice"
      ]
    }, 
    "use_online_player_actions": {
      "methods": [
        "sendMessage", 
        "kickPlayer", 
        "banWithReason", 
        "teleport"
      ]
    }, 
    "view_online_player_groups": {
      "methods": [
        "permissions.getGroups"
      ]
    }, 
    "view_offline_players": {
      "methods": [
        "getOfflinePlayers"
      ]
    }, 
    "modify_online_player_information": {
      "methods": [
        "opPlayer", 
        "deopPlayer", 
        "setPlayerLevel", 
        "setPlayerFoodLevel", 
        "setPlayerGameMode"
      ]
    }, 
    "configure_push_notifications": {
      "methods": [
        "adminium.setPushTypeEnabled"
      ]
    }, 
    "speak_in_chat": {
      "methods": [
        "broadcastWithName"
      ]
    }, 
    "view_online_players": {
      "methods": [
        "getPlayers",
        "getPlayerNames"
      ]
    }, 
    "view_file": {
      "methods": [
        "getFileContents", 
        "getBinaryFileBase64"
      ]
    }, 
    "enable_plugins": {
      "methods": [
        "enablePlugin"
      ]
    }, 
    "view_online_player_inventory": {
      "methods": [
        "disablePlugin"
      ]
    }, 
    "view_chat": {
      "streams": "chat connections"
    }, 
    "whitelisted_player_actions": {
      "methods": [
        "removeFromWhitelist"
      ]
    }, 
    "offline_player_actions": {
      "methods": [
        "unban", 
        "ban", 
        "addToWhitelist", 
        "removeFromWhitelist"
      ]
    }, 
    "modify_online_player_groups": {
      "methods": [
        "permissions.removePermission", 
        "permissions.addPermission"
      ]
    }, 
    "view_plugins": {
      "methods": [
        "getPlugins", 
        "getPluginVersion"
      ]
    }, 
    "view_console": {
      "streams": "console"
    }, 
    "banned_player_actions": {
      "methods": [
        "unban"
      ]
    }, 
    "reload_server": {
      "methods": [
        "reloadServer"
      ]
    }
  }
}