{
	"name" : "Permission methods",
	"namespace" : "permissions",
	"depends" : [
		"JSONAPI",
		"Vault"
	],
	"methods" : [
		{
			"name": "getAllPermissions",
			"desc": "Retrieves all permissions for all players.",
			"returns": ["Object", "A map from player to a list of permission settings."],
			"call": "this.permissions.getAllPermissions()"
		},
		{
			"name": "getAllGroups",
			"desc": "Retrieves all groups.",
			"returns": ["String[]", "All the groups in use on the server."],
			"call": "this.permissions.getAllGroups()"
		},
		{
			"name": "getPermissions",
			"desc": "Gets the permissions for a specific player.",
			"returns": ["Object[]", "Gets all the permissions and their values for a player."],
			"call": "this.permissions.getPermissions(0)",
			"args": [
				["String", "The player's name."]
			]
		},
		{
			"name": "getGroups",
			"desc": "Gets the groups for a specific player.",
			"returns": ["String[]", "Gets all the groups for a player."],
			"call": "this.permissions.getGroups(0)",
			"args": [
				["String", "The player's name."]
			]
		},
		{
			"name": "addPermission",
			"desc": "Add a permission node for a player.",
			"returns": ["boolean", "Success?"],
			"call": "this.permissions.addPermission(0,1,2)",
			"args": [
				["String", "The player's name."],
				["String", "The permission node."],
				["Boolean", "The value to assign to the node."]
			]
		},
		{
			"name": "addPlayerToGroup",
			"desc": "Add a group for a player.",
			"returns": ["boolean", "Success?"],
			"call": "this.permissions.addGroup(0,1,2)",
			"args": [
				["String", "The player's name."],
				["String", "The group name."]
			]
		},
		{
			"name": "removePlayerFromGroup",
			"desc": "Remove a group from a player.",
			"returns": ["boolean", "Success?"],
			"call": "this.permissions.removeGroup(0,1)",
			"args": [
				["String", "The player's name."],
				["String", "The group name."]
			]
		},
		{
			"name": "removePermission",
			"desc": "Removes a permission node for a player.",
			"returns": ["boolean", "Success?"],
			"call": "this.permissions.removePermission(0,1)",
			"args": [
				["String", "The player's name."],
				["String", "The permission node."]
			]
		}
	]
}
