{
	"name" : "Remote Toolkit methods",
	"namespace" : "remotetoolkit",
	"depends" : [
		"RemoteToolkitPlugin"
	],
	"methods" : [
		{
			"name": "rescheduleServerRestart",
			"desc": "Reschedules the next server restart. The time parameter can either be in either the #h #m #s format, or the HH:MM format.",
			"returns": ["boolean", "False on error. Null otherwise."],
			"call": "this.rescheduleServerRestart(0)",
			"args": [
				["String", "Time in either the #h #m #s format, or the HH:MM format."]
			]
		},
		{
			"name": "restartServer",
			"desc": "Restarts the Minecraft server. THIS WILL TAKE DOWN JSONAPI FOR A SHORT TIME.",
			"returns": ["boolean", "False on error. Null otherwise."],
			"call": "this.restartServer()"
		},
		{
			"name": "stopServer",
			"desc": "Stops the Minecraft server. THIS WILL SHUT THE SERVER DOWN AND WILL NOT RESTART IT.",
			"returns": ["boolean", "False on error. Null otherwise."],
			"call": "this.stopServer()"
		},
		{
			"name": "startServer",
			"desc": "Starts the Minecraft server. DO NOT CALL IF remotetookit.stopServer HAS NOT BEEN CALLED!",
			"returns": ["boolean", "True if successful, false otherwise."],
			"call": "this.runCommand(\"null\")"
		}
	]
}
