{
	"name" : "World editing methods",
	"namespace" : "world",
	"depends" : [
		"JSONAPI"
	],
	"methods" : [
		{
			"name": "getSignText",
			"desc": "Gets all the lines of text on a sign.",
			"returns": ["String[]", "The lines of text on a sign."],
			"call": "this.getSign(0,1,2,3)",
			"args": [
				["String", "The world the sign is in."],
				["int", "The x-pos of the sign."],
				["int", "The y-pos of the sign."],
				["int", "The z-pos of the sign."]
			]
		},
		{
			"name": "getChestContents",
			"desc": "Gets all the items in a chest.",
			"returns": ["Object[]", "The chest's inventory."],
			"call": "this.getChestContents(0,1,2,3)",
			"args": [
				["String", "The world the sign is in."],
				["int", "The x-pos of the sign."],
				["int", "The y-pos of the sign."],
				["int", "The z-pos of the sign."]
			]
		},
		{
			"name": "setSignText",
			"desc": "Sets all the lines of text on a sign.",
			"returns": ["boolean", "Success?"],
			"call": "this.setSignText(0,1,2,3,4)",
			"args": [
				["String", "The world the sign is in."],
				["int", "The x-pos of the sign."],
				["int", "The y-pos of the sign."],
				["int", "The z-pos of the sign."],
				["String[]", "4 lines of text for the sign."]
			]
		},
		{
			"name": "setSignTextLine",
			"desc": "Sets a single line of text on a sign.",
			"returns": ["boolean", "Success?"],
			"call": "this.setSignText(0,1,2,3,4,5)",
			"args": [
				["String", "The world the sign is in."],
				["int", "The x-pos of the sign."],
				["int", "The y-pos of the sign."],
				["int", "The z-pos of the sign."],
				["int", "The line of text to set."],
				["String", "The line."]
			]
		},
		{
			"name": "setChestSlot",
			"desc": "Gives the specified chest the specified quanity of the item id by placing it in the first empty slot.",
			"call": "this.giveChestItem(0, 1, 2, 3, 4, 5)",
			"returns": ["boolean", "True if the item was given. False will be returned if the chest is not on the server."],
			"args": [
				["String", "The world the sign is in."],
				["int", "The x-pos of the sign."],
				["int", "The y-pos of the sign."],
				["int", "The z-pos of the sign."],
				["int","Id of item to give"],
				["int","Quantity of item to give"]
			]
		},
		{
			"name": "setChestSlotWithData",
			"desc": "Gives the specified chest the specified quanity of the item id with the specified data by placing it in the first empty slot.",
			"call": "this.giveChestItem(0, 1, 2, 3, 4, 5, 6)",
			"returns": ["boolean", "True if the item was given. False will be returned if the chest is not on the server. An exception could be throw for invalid data (data < 0 or data > 15)."],
			"args": [
				["String", "The world the sign is in."],
				["int", "The x-pos of the sign."],
				["int", "The y-pos of the sign."],
				["int", "The z-pos of the sign."],
				["int","Id of item to give"],
				["int","Quantity of item to give"],
				["int","Decimal representation of the data value."]
			]
		}
	]
}
